company_name,stock_code,check_type,status,detail,from_label,to_label,field,expected,actual
芜湖三联锻造股份有限公司,001282,t0_missing,FAIL,缺少 t0 时点的 equity_snapshot 记录,,,,,
云汉芯城（上海）互联网科技股份有限公司,301563,t0_missing,FAIL,缺少 t0 时点的 equity_snapshot 记录,,,,,
黄山谷捷股份有限公司,301581,t0_missing,FAIL,缺少 t0 时点的 equity_snapshot 记录,,,,,
黄山谷捷股份有限公司,301581,total_shares_consistency,PASS,t1|第一次股权转让后-> t2|第一次增资后: total_shares 一致 (1200.0 + 514.2857 = 1714.2857),t1|第一次股权转让后,t2|第一次增资后,total_shares,1714.2857,1714.2857
黄山谷捷股份有限公司,301581,shareholder_shares_consistency,PASS,t1|第一次股权转让后-> t2|第一次增资后 股东[周斌]: shares 一致 (132.0 + 0.0 = 132.0000),t1|第一次股权转让后,t2|第一次增资后,shareholder[周斌].shares,132.0000,132.0
黄山谷捷股份有限公司,301581,shareholder_shares_consistency,PASS,t1|第一次股权转让后-> t2|第一次增资后 股东[张俊武]: shares 一致 (132.0 + 0.0 = 132.0000),t1|第一次股权转让后,t2|第一次增资后,shareholder[张俊武].shares,132.0000,132.0
黄山谷捷股份有限公司,301581,shareholder_shares_consistency,PASS,t1|第一次股权转让后-> t2|第一次增资后 股东[黄山供销集团]: shares 一致 (936.0 + 0.0 = 936.0000),t1|第一次股权转让后,t2|第一次增资后,shareholder[黄山供销集团].shares,936.0000,936.0
黄山谷捷股份有限公司,301581,total_shares_consistency,PASS,t2|第一次增资后-> t3|第二次增资后: total_shares 一致 (1714.2857 + 90.2256 = 1804.5113),t2|第一次增资后,t3|第二次增资后,total_shares,1804.5113,1804.5113
黄山谷捷股份有限公司,301581,shareholder_shares_consistency,PASS,t2|第一次增资后-> t3|第二次增资后 股东[赛格高技术]: shares 一致 (462.8571 + 0.0 = 462.8571),t2|第一次增资后,t3|第二次增资后,shareholder[赛格高技术].shares,462.8571,462.8571
黄山谷捷股份有限公司,301581,shareholder_shares_consistency,PASS,t2|第一次增资后-> t3|第二次增资后 股东[周斌]: shares 一致 (132.0 + 0.0 = 132.0000),t2|第一次增资后,t3|第二次增资后,shareholder[周斌].shares,132.0000,132.0
黄山谷捷股份有限公司,301581,shareholder_shares_consistency,PASS,t2|第一次增资后-> t3|第二次增资后 股东[张俊武]: shares 一致 (132.0 + 0.0 = 132.0000),t2|第一次增资后,t3|第二次增资后,shareholder[张俊武].shares,132.0000,132.0
黄山谷捷股份有限公司,301581,shareholder_shares_consistency,PASS,t2|第一次增资后-> t3|第二次增资后 股东[黄山供销集团]: shares 一致 (936.0 + 0.0 = 936.0000),t2|第一次增资后,t3|第二次增资后,shareholder[黄山供销集团].shares,936.0000,936.0
黄山谷捷股份有限公司,301581,shareholder_shares_consistency,PASS,t2|第一次增资后-> t3|第二次增资后 股东[上汽科技]: shares 一致 (51.4286 + 0.0 = 51.4286),t2|第一次增资后,t3|第二次增资后,shareholder[上汽科技].shares,51.4286,51.4286
上海友升铝业股份有限公司,603418,t0_missing,FAIL,缺少 t0 时点的 equity_snapshot 记录,,,,,
上海友升铝业股份有限公司,603418,total_shares_consistency,PASS,t1|2020-09-30增资后-> t2|2022-12月增资后: total_shares 一致 (13380.0 + 1100.1333000000004 = 14480.1333),t1|2020-09-30增资后,t2|2022-12月增资后,total_shares,14480.1333,14480.1333
上海友升铝业股份有限公司,603418,shareholder_shares_consistency,PASS,t1|2020-09-30增资后-> t2|2022-12月增资后 股东[金浦科创基金]: shares 一致 (360.0 + 0.0 = 360.0000),t1|2020-09-30增资后,t2|2022-12月增资后,shareholder[金浦科创基金].shares,360.0000,360.0
上海友升铝业股份有限公司,603418,shareholder_shares_consistency,PASS,t1|2020-09-30增资后-> t2|2022-12月增资后 股东[达晨创联基金]: shares 一致 (1800.0 + 0.0 = 1800.0000),t1|2020-09-30增资后,t2|2022-12月增资后,shareholder[达晨创联基金].shares,1800.0000,1800.0
上海友升铝业股份有限公司,603418,shareholder_shares_consistency,PASS,t1|2020-09-30增资后-> t2|2022-12月增资后 股东[共青城泽升]: shares 一致 (1020.0 + 0.0 = 1020.0000),t1|2020-09-30增资后,t2|2022-12月增资后,shareholder[共青城泽升].shares,1020.0000,1020.0
上海友升铝业股份有限公司,603418,shareholder_shares_consistency,PASS,t1|2020-09-30增资后-> t2|2022-12月增资后 股东[金浦临港基金]: shares 一致 (840.0 + 0.0 = 840.0000),t1|2020-09-30增资后,t2|2022-12月增资后,shareholder[金浦临港基金].shares,840.0000,840.0
上海友升铝业股份有限公司,603418,shareholder_shares_consistency,PASS,t1|2020-09-30增资后-> t2|2022-12月增资后 股东[罗世兵]: shares 一致 (204.0 + 0.0 = 204.0000),t1|2020-09-30增资后,t2|2022-12月增资后,shareholder[罗世兵].shares,204.0000,204.0
上海友升铝业股份有限公司,603418,shareholder_shares_consistency,PASS,t1|2020-09-30增资后-> t2|2022-12月增资后 股东[泽升贸易]: shares 一致 (8976.0 + 0.0 = 8976.0000),t1|2020-09-30增资后,t2|2022-12月增资后,shareholder[泽升贸易].shares,8976.0000,8976.0
上海友升铝业股份有限公司,603418,shareholder_shares_consistency,PASS,t1|2020-09-30增资后-> t2|2022-12月增资后 股东[上海骁墨]: shares 一致 (180.0 + 0.0 = 180.0000),t1|2020-09-30增资后,t2|2022-12月增资后,shareholder[上海骁墨].shares,180.0000,180.0
苏州赛分科技股份有限公司,688758,t0_missing,FAIL,缺少 t0 时点的 equity_snapshot 记录,,,,,
影石创新科技股份有限公司,688775,total_shares_mismatch,FAIL,"t0|报告期初-> t1|2019年增资后: 上一时点total_shares(1000.0) + 中间认缴合计(137.01869999999997) = 1137.0187, 与下一时点total_shares(1225.0) 偏差超过 5.0%",t0|报告期初,t1|2019年增资后,total_shares,1137.0187,1225.0
影石创新科技股份有限公司,688775,shareholder_shares_consistency,PASS,t0|报告期初-> t1|2019年增资后 股东[岚烽管理]: shares 一致 (150.0 + 0.0 = 150.0000),t0|报告期初,t1|2019年增资后,shareholder[岚烽管理].shares,150.0000,150.0
影石创新科技股份有限公司,688775,shareholder_shares_consistency,PASS,t0|报告期初-> t1|2019年增资后 股东[刘靖康]: shares 一致 (350.0 + 0.0 = 350.0000),t0|报告期初,t1|2019年增资后,shareholder[刘靖康].shares,350.0000,350.0
影石创新科技股份有限公司,688775,shareholder_shares_consistency,PASS,t0|报告期初-> t1|2019年增资后 股东[魏建奇]: shares 一致 (50.0 + 0.0 = 50.0000),t0|报告期初,t1|2019年增资后,shareholder[魏建奇].shares,50.0000,50.0
影石创新科技股份有限公司,688775,shareholder_shares_consistency,PASS,t0|报告期初-> t1|2019年增资后 股东[岚锋投资]: shares 一致 (300.0 + 0.0 = 300.0000),t0|报告期初,t1|2019年增资后,shareholder[岚锋投资].shares,300.0000,300.0
影石创新科技股份有限公司,688775,shareholder_shares_consistency,PASS,t0|报告期初-> t1|2019年增资后 股东[北京岚锋]: shares 一致 (150.0 + 0.0 = 150.0000),t0|报告期初,t1|2019年增资后,shareholder[北京岚锋].shares,150.0000,150.0
影石创新科技股份有限公司,688775,total_shares_consistency,PASS,t1|2019年增资后-> t2|2020年增资后: total_shares 一致 (1225.0 + 56.81800000000001 = 1281.8180),t1|2019年增资后,t2|2020年增资后,total_shares,1281.8180,1300.0
影石创新科技股份有限公司,688775,shareholder_shares_consistency,PASS,t1|2019年增资后-> t2|2020年增资后 股东[朗玛六号]: shares 一致 (19.23 + 0.0 = 19.2300),t1|2019年增资后,t2|2020年增资后,shareholder[朗玛六号].shares,19.2300,19.23
影石创新科技股份有限公司,688775,shareholder_shares_consistency,PASS,t1|2019年增资后-> t2|2020年增资后 股东[岚烽管理]: shares 一致 (150.0 + 0.0 = 150.0000),t1|2019年增资后,t2|2020年增资后,shareholder[岚烽管理].shares,150.0000,150.0
影石创新科技股份有限公司,688775,shareholder_shares_consistency,PASS,t1|2019年增资后-> t2|2020年增资后 股东[芜湖旷沄]: shares 一致 (2.4 + 0.0 = 2.4000),t1|2019年增资后,t2|2020年增资后,shareholder[芜湖旷沄].shares,2.4000,2.4
影石创新科技股份有限公司,688775,shareholder_shares_consistency,PASS,t1|2019年增资后-> t2|2020年增资后 股东[魏建奇]: shares 一致 (50.0 + 0.0 = 50.0000),t1|2019年增资后,t2|2020年增资后,shareholder[魏建奇].shares,50.0000,50.0
影石创新科技股份有限公司,688775,shareholder_shares_consistency,PASS,t1|2019年增资后-> t2|2020年增资后 股东[苏宁润东]: shares 一致 (2.4 + 0.0 = 2.4000),t1|2019年增资后,t2|2020年增资后,shareholder[苏宁润东].shares,2.4000,2.4
影石创新科技股份有限公司,688775,shareholder_shares_consistency,PASS,t1|2019年增资后-> t2|2020年增资后 股东[金石智娱]: shares 一致 (2.4 + 0.0 = 2.4000),t1|2019年增资后,t2|2020年增资后,shareholder[金石智娱].shares,2.4000,2.4
影石创新科技股份有限公司,688775,shareholder_shares_consistency,PASS,t1|2019年增资后-> t2|2020年增资后 股东[知盛投资]: shares 一致 (2.4 + 0.0 = 2.4000),t1|2019年增资后,t2|2020年增资后,shareholder[知盛投资].shares,2.4000,2.4
影石创新科技股份有限公司,688775,shareholder_shares_consistency,PASS,t1|2019年增资后-> t2|2020年增资后 股东[北京岚锋]: shares 一致 (150.0 + 0.0 = 150.0000),t1|2019年增资后,t2|2020年增资后,shareholder[北京岚锋].shares,150.0000,150.0
影石创新科技股份有限公司,688775,shareholder_shares_consistency,PASS,t1|2019年增资后-> t2|2020年增资后 股东[厦门富凯]: shares 一致 (4.81 + 0.0 = 4.8100),t1|2019年增资后,t2|2020年增资后,shareholder[厦门富凯].shares,4.8100,4.81
影石创新科技股份有限公司,688775,shareholder_shares_consistency,PASS,t1|2019年增资后-> t2|2020年增资后 股东[德朴投资]: shares 一致 (9.62 + 0.0 = 9.6200),t1|2019年增资后,t2|2020年增资后,shareholder[德朴投资].shares,9.6200,9.62
影石创新科技股份有限公司,688775,shareholder_shares_consistency,PASS,t1|2019年增资后-> t2|2020年增资后 股东[深圳麦高]: shares 一致 (4.81 + 0.0 = 4.8100),t1|2019年增资后,t2|2020年增资后,shareholder[深圳麦高].shares,4.8100,4.81
影石创新科技股份有限公司,688775,shareholder_shares_consistency,PASS,t1|2019年增资后-> t2|2020年增资后 股东[厦门源峰]: shares 一致 (2.4 + 0.0 = 2.4000),t1|2019年增资后,t2|2020年增资后,shareholder[厦门源峰].shares,2.4000,2.4
影石创新科技股份有限公司,688775,shareholder_shares_consistency,PASS,t1|2019年增资后-> t2|2020年增资后 股东[QIMING VENTURE]: shares 一致 (2.4 + 0.0 = 2.4000),t1|2019年增资后,t2|2020年增资后,shareholder[QIMING VENTURE].shares,2.4000,2.4
影石创新科技股份有限公司,688775,shareholder_shares_consistency,PASS,t1|2019年增资后-> t2|2020年增资后 股东[利得鑫投]: shares 一致 (9.62 + 0.0 = 9.6200),t1|2019年增资后,t2|2020年增资后,shareholder[利得鑫投].shares,9.6200,9.62
影石创新科技股份有限公司,688775,shareholder_shares_consistency,PASS,t1|2019年增资后-> t2|2020年增资后 股东[澜烽管理]: shares 一致 (2.4 + 0.0 = 2.4000),t1|2019年增资后,t2|2020年增资后,shareholder[澜烽管理].shares,2.4000,2.4
影石创新科技股份有限公司,688775,shareholder_shares_consistency,PASS,t1|2019年增资后-> t2|2020年增资后 股东[天正投资]: shares 一致 (9.62 + 0.0 = 9.6200),t1|2019年增资后,t2|2020年增资后,shareholder[天正投资].shares,9.6200,9.62
影石创新科技股份有限公司,688775,shareholder_shares_consistency,PASS,t1|2019年增资后-> t2|2020年增资后 股东[QM101]: shares 一致 (2.4 + 0.0 = 2.4000),t1|2019年增资后,t2|2020年增资后,shareholder[QM101].shares,2.4000,2.4
影石创新科技股份有限公司,688775,shareholder_shares_consistency,PASS,t1|2019年增资后-> t2|2020年增资后 股东[刘靖康]: shares 一致 (350.0 + 0.0 = 350.0000),t1|2019年增资后,t2|2020年增资后,shareholder[刘靖康].shares,350.0000,350.0
影石创新科技股份有限公司,688775,shareholder_shares_consistency,PASS,t1|2019年增资后-> t2|2020年增资后 股东[华金同达]: shares 一致 (19.23 + 0.0 = 19.2300),t1|2019年增资后,t2|2020年增资后,shareholder[华金同达].shares,19.2300,19.23
影石创新科技股份有限公司,688775,shareholder_shares_consistency,PASS,t1|2019年增资后-> t2|2020年增资后 股东[汇银加富]: shares 一致 (4.81 + 0.0 = 4.8100),t1|2019年增资后,t2|2020年增资后,shareholder[汇银加富].shares,4.8100,4.81
影石创新科技股份有限公司,688775,shareholder_shares_consistency,PASS,t1|2019年增资后-> t2|2020年增资后 股东[朗玛五号]: shares 一致 (19.23 + 0.0 = 19.2300),t1|2019年增资后,t2|2020年增资后,shareholder[朗玛五号].shares,19.2300,19.23
影石创新科技股份有限公司,688775,shareholder_shares_consistency,PASS,t1|2019年增资后-> t2|2020年增资后 股东[领誉基石]: shares 一致 (2.4 + 0.0 = 2.4000),t1|2019年增资后,t2|2020年增资后,shareholder[领誉基石].shares,2.4000,2.4
影石创新科技股份有限公司,688775,shareholder_shares_consistency,PASS,t1|2019年增资后-> t2|2020年增资后 股东[岚锋投资]: shares 一致 (300.0 + 0.0 = 300.0000),t1|2019年增资后,t2|2020年增资后,shareholder[岚锋投资].shares,300.0000,300.0
影石创新科技股份有限公司,688775,shareholder_shares_consistency,PASS,t1|2019年增资后-> t2|2020年增资后 股东[利得兴投]: shares 一致 (2.4 + 0.0 = 2.4000),t1|2019年增资后,t2|2020年增资后,shareholder[利得兴投].shares,2.4000,2.4
影石创新科技股份有限公司,688775,shareholder_shares_consistency,PASS,t1|2019年增资后-> t2|2020年增资后 股东[朗玛十号]: shares 一致 (2.4 + 0.0 = 2.4000),t1|2019年增资后,t2|2020年增资后,shareholder[朗玛十号].shares,2.4000,2.4
影石创新科技股份有限公司,688775,shareholder_shares_consistency,PASS,t1|2019年增资后-> t2|2020年增资后 股东[Vantage Point]: shares 一致 (2.4 + 0.0 = 2.4000),t1|2019年增资后,t2|2020年增资后,shareholder[Vantage Point].shares,2.4000,2.4
影石创新科技股份有限公司,688775,shareholder_shares_consistency,PASS,t1|2019年增资后-> t2|2020年增资后 股东[汇银雷石]: shares 一致 (2.4 + 0.0 = 2.4000),t1|2019年增资后,t2|2020年增资后,shareholder[汇银雷石].shares,2.4000,2.4
影石创新科技股份有限公司,688775,shareholder_shares_consistency,PASS,t1|2019年增资后-> t2|2020年增资后 股东[朗玛九号]: shares 一致 (2.4 + 0.0 = 2.4000),t1|2019年增资后,t2|2020年增资后,shareholder[朗玛九号].shares,2.4000,2.4
影石创新科技股份有限公司,688775,shareholder_shares_consistency,PASS,t1|2019年增资后-> t2|2020年增资后 股东[中证投资]: shares 一致 (2.4 + 0.0 = 2.4000),t1|2019年增资后,t2|2020年增资后,shareholder[中证投资].shares,2.4000,2.4
常州三协电机股份有限公司,920100,t0_missing,FAIL,缺少 t0 时点的 equity_snapshot 记录,,,,,
常州三协电机股份有限公司,920100,total_shares_consistency,PASS,t1|第一次增资后-> t2|第二次增资后: total_shares 一致 (100.0 + 100.0 = 200.0000),t1|第一次增资后,t2|第二次增资后,total_shares,200.0000,200.0
常州三协电机股份有限公司,920100,shareholder_shares_consistency,PASS,t1|第一次增资后-> t2|第二次增资后 股东[朱南保]: shares 一致 (35.0 + 35.0 = 70.0000),t1|第一次增资后,t2|第二次增资后,shareholder[朱南保].shares,70.0000,70.0
常州三协电机股份有限公司,920100,shareholder_shares_consistency,PASS,t1|第一次增资后-> t2|第二次增资后 股东[朱南根]: shares 一致 (30.0 + 30.0 = 60.0000),t1|第一次增资后,t2|第二次增资后,shareholder[朱南根].shares,60.0000,60.0
常州三协电机股份有限公司,920100,shareholder_shares_consistency,PASS,t1|第一次增资后-> t2|第二次增资后 股东[盛月良]: shares 一致 (35.0 + 35.0 = 70.0000),t1|第一次增资后,t2|第二次增资后,shareholder[盛月良].shares,70.0000,70.0
常州三协电机股份有限公司,920100,total_shares_consistency,PASS,t2|第二次增资后-> t3|第一次股权转让后: total_shares 一致 (200.0 + 90.0 = 290.0000),t2|第二次增资后,t3|第一次股权转让后,total_shares,290.0000,300.0
常州三协电机股份有限公司,920100,shareholder_shares_mismatch,FAIL,"t2|第二次增资后-> t3|第一次股权转让后 股东[朱南保]: 上一时点shares(70.0) + 认购(0.0) = 70.0000, 与下一时点shares(90.0) 偏差超过 5.0%",t2|第二次增资后,t3|第一次股权转让后,shareholder[朱南保].shares,70.0000,90.0
常州三协电机股份有限公司,920100,total_shares_mismatch,FAIL,"t3|第一次股权转让后-> t4|第二次股权转让后: 上一时点total_shares(300.0) + 中间认缴合计(160.0) = 460.0000, 与下一时点total_shares(300.0) 偏差超过 5.0%",t3|第一次股权转让后,t4|第二次股权转让后,total_shares,460.0000,300.0
常州三协电机股份有限公司,920100,shareholder_shares_mismatch,FAIL,"t3|第一次股权转让后-> t4|第二次股权转让后 股东[朱南保]: 上一时点shares(90.0) + 认购(10.0) = 100.0000, 与下一时点shares(75.0) 偏差超过 5.0%",t3|第一次股权转让后,t4|第二次股权转让后,shareholder[朱南保].shares,100.0000,75.0
常州三协电机股份有限公司,920100,shareholder_shares_mismatch,FAIL,"t3|第一次股权转让后-> t4|第二次股权转让后 股东[陆宇君]: 上一时点shares(105.0) + 认购(35.0) = 140.0000, 与下一时点shares(105.0) 偏差超过 5.0%",t3|第一次股权转让后,t4|第二次股权转让后,shareholder[陆宇君].shares,140.0000,105.0
常州三协电机股份有限公司,920100,shareholder_shares_mismatch,FAIL,"t3|第一次股权转让后-> t4|第二次股权转让后 股东[陈广武]: 上一时点shares(30.0) + 认购(7.5) = 37.5000, 与下一时点shares(22.5) 偏差超过 5.0%",t3|第一次股权转让后,t4|第二次股权转让后,shareholder[陈广武].shares,37.5000,22.5
常州三协电机股份有限公司,920100,total_shares_mismatch,FAIL,"t4|第二次股权转让后-> t5|第三次增资后: 上一时点total_shares(300.0) + 中间认缴合计(764.4) = 1064.4000, 与下一时点total_shares(400.0) 偏差超过 5.0%",t4|第二次股权转让后,t5|第三次增资后,total_shares,1064.4000,400.0
常州三协电机股份有限公司,920100,shareholder_shares_mismatch,FAIL,"t4|第二次股权转让后-> t5|第三次增资后 股东[朱南保]: 上一时点shares(75.0) + 认购(202.5) = 277.5000, 与下一时点shares(100.0) 偏差超过 5.0%",t4|第二次股权转让后,t5|第三次增资后,shareholder[朱南保].shares,277.5000,100.0
常州三协电机股份有限公司,920100,shareholder_shares_mismatch,FAIL,"t4|第二次股权转让后-> t5|第三次增资后 股东[王洪波]: 上一时点shares(97.5) + 认购(107.5) = 205.0000, 与下一时点shares(130.0) 偏差超过 5.0%",t4|第二次股权转让后,t5|第三次增资后,shareholder[王洪波].shares,205.0000,130.0
常州三协电机股份有限公司,920100,shareholder_shares_mismatch,FAIL,"t4|第二次股权转让后-> t5|第三次增资后 股东[陆宇君]: 上一时点shares(105.0) + 认购(50.0) = 155.0000, 与下一时点shares(140.0) 偏差超过 5.0%",t4|第二次股权转让后,t5|第三次增资后,shareholder[陆宇君].shares,155.0000,140.0
常州三协电机股份有限公司,920100,shareholder_shares_consistency,PASS,t4|第二次股权转让后-> t5|第三次增资后 股东[陈广武]: shares 一致 (22.5 + 7.5 = 30.0000),t4|第二次股权转让后,t5|第三次增资后,shareholder[陈广武].shares,30.0000,30.0
常州三协电机股份有限公司,920100,total_shares_mismatch,FAIL,"t5|第三次增资后-> t6|第三次股权转让后: 上一时点total_shares(400.0) + 中间认缴合计(270.0) = 670.0000, 与下一时点total_shares(400.0) 偏差超过 5.0%",t5|第三次增资后,t6|第三次股权转让后,total_shares,670.0000,400.0
常州三协电机股份有限公司,920100,shareholder_shares_consistency,PASS,t5|第三次增资后-> t6|第三次股权转让后 股东[朱南保]: shares 一致 (100.0 + 140.0 = 240.0000),t5|第三次增资后,t6|第三次股权转让后,shareholder[朱南保].shares,240.0000,240.0
常州三协电机股份有限公司,920100,shareholder_shares_consistency,PASS,t5|第三次增资后-> t6|第三次股权转让后 股东[王洪波]: shares 一致 (130.0 + 0.0 = 130.0000),t5|第三次增资后,t6|第三次股权转让后,shareholder[王洪波].shares,130.0000,130.0
常州三协电机股份有限公司,920100,shareholder_shares_consistency,PASS,t5|第三次增资后-> t6|第三次股权转让后 股东[陈广武]: shares 一致 (30.0 + 0.0 = 30.0000),t5|第三次增资后,t6|第三次股权转让后,shareholder[陈广武].shares,30.0000,30.0
常州三协电机股份有限公司,920100,total_shares_mismatch,FAIL,"t6|第三次股权转让后-> t7|第四次股权转让后: 上一时点total_shares(400.0) + 中间认缴合计(764.4) = 1164.4000, 与下一时点total_shares(400.0) 偏差超过 5.0%",t6|第三次股权转让后,t7|第四次股权转让后,total_shares,1164.4000,400.0
常州三协电机股份有限公司,920100,shareholder_shares_mismatch,FAIL,"t6|第三次股权转让后-> t7|第四次股权转让后 股东[朱南保]: 上一时点shares(240.0) + 认购(202.5) = 442.5000, 与下一时点shares(240.0) 偏差超过 5.0%",t6|第三次股权转让后,t7|第四次股权转让后,shareholder[朱南保].shares,442.5000,240.0
常州三协电机股份有限公司,920100,shareholder_shares_mismatch,FAIL,"t6|第三次股权转让后-> t7|第四次股权转让后 股东[陈广武]: 上一时点shares(30.0) + 认购(7.5) = 37.5000, 与下一时点shares(30.0) 偏差超过 5.0%",t6|第三次股权转让后,t7|第四次股权转让后,shareholder[陈广武].shares,37.5000,30.0
常州三协电机股份有限公司,920100,total_shares_consistency,PASS,t7|第四次股权转让后-> t8|第四次增资后: total_shares 一致 (400.0 + 40.0 = 440.0000),t7|第四次股权转让后,t8|第四次增资后,total_shares,440.0000,440.0
常州三协电机股份有限公司,920100,shareholder_shares_consistency,PASS,t7|第四次股权转让后-> t8|第四次增资后 股东[朱南保]: shares 一致 (240.0 + 0.0 = 240.0000),t7|第四次股权转让后,t8|第四次增资后,shareholder[朱南保].shares,240.0000,240.0
常州三协电机股份有限公司,920100,shareholder_shares_consistency,PASS,t7|第四次股权转让后-> t8|第四次增资后 股东[三合融创]: shares 一致 (130.0 + 0.0 = 130.0000),t7|第四次股权转让后,t8|第四次增资后,shareholder[三合融创].shares,130.0000,130.0
常州三协电机股份有限公司,920100,shareholder_shares_consistency,PASS,t7|第四次股权转让后-> t8|第四次增资后 股东[陈广武]: shares 一致 (30.0 + 0.0 = 30.0000),t7|第四次股权转让后,t8|第四次增资后,shareholder[陈广武].shares,30.0000,30.0
常州三协电机股份有限公司,920100,total_shares_mismatch,FAIL,"t8|第四次增资后-> t9|第五次股权转让后: 上一时点total_shares(440.0) + 中间认缴合计(94.4) = 534.4000, 与下一时点total_shares(440.0) 偏差超过 5.0%",t8|第四次增资后,t9|第五次股权转让后,total_shares,534.4000,440.0
常州三协电机股份有限公司,920100,shareholder_shares_mismatch,FAIL,"t8|第四次增资后-> t9|第五次股权转让后 股东[朱南保]: 上一时点shares(240.0) + 认购(0.0) = 240.0000, 与下一时点shares(145.6) 偏差超过 5.0%",t8|第四次增资后,t9|第五次股权转让后,shareholder[朱南保].shares,240.0000,145.6
常州三协电机股份有限公司,920100,shareholder_shares_consistency,PASS,t8|第四次增资后-> t9|第五次股权转让后 股东[三合融创]: shares 一致 (130.0 + 94.4 = 224.4000),t8|第四次增资后,t9|第五次股权转让后,shareholder[三合融创].shares,224.4000,224.4
常州三协电机股份有限公司,920100,shareholder_shares_consistency,PASS,t8|第四次增资后-> t9|第五次股权转让后 股东[陈广武]: shares 一致 (30.0 + 0.0 = 30.0000),t8|第四次增资后,t9|第五次股权转让后,shareholder[陈广武].shares,30.0000,30.0
常州三协电机股份有限公司,920100,shareholder_shares_consistency,PASS,t8|第四次增资后-> t9|第五次股权转让后 股东[黄晓彬]: shares 一致 (40.0 + 0.0 = 40.0000),t8|第四次增资后,t9|第五次股权转让后,shareholder[黄晓彬].shares,40.0000,40.0
常州三协电机股份有限公司,920100,total_shares_consistency,PASS,t9|第五次股权转让后-> t10|减资后: total_shares 一致 (440.0 + -40.0 = 400.0000),t9|第五次股权转让后,t10|减资后,total_shares,400.0000,400.0
常州三协电机股份有限公司,920100,shareholder_shares_consistency,PASS,t9|第五次股权转让后-> t10|减资后 股东[朱南保]: shares 一致 (145.6 + 0.0 = 145.6000),t9|第五次股权转让后,t10|减资后,shareholder[朱南保].shares,145.6000,145.6
常州三协电机股份有限公司,920100,shareholder_shares_consistency,PASS,t9|第五次股权转让后-> t10|减资后 股东[三合融创]: shares 一致 (224.4 + 0.0 = 224.4000),t9|第五次股权转让后,t10|减资后,shareholder[三合融创].shares,224.4000,224.4
常州三协电机股份有限公司,920100,shareholder_shares_consistency,PASS,t9|第五次股权转让后-> t10|减资后 股东[陈广武]: shares 一致 (30.0 + 0.0 = 30.0000),t9|第五次股权转让后,t10|减资后,shareholder[陈广武].shares,30.0000,30.0
中科星图测控技术股份有限公司,920116,t0_missing,FAIL,缺少 t0 时点的 equity_snapshot 记录,,,,,
中科星图测控技术股份有限公司,920116,total_shares_consistency,PASS,t1|代持还原后-> t2|第一次增资后: total_shares 一致 (2000.0 + 1400.0 = 3400.0000),t1|代持还原后,t2|第一次增资后,total_shares,3400.0000,3400.0
中科星图测控技术股份有限公司,920116,shareholder_shares_consistency,PASS,t1|代持还原后-> t2|第一次增资后 股东[牛威]: shares 一致 (400.0 + 0.0 = 400.0000),t1|代持还原后,t2|第一次增资后,shareholder[牛威].shares,400.0000,400.0
中科星图测控技术股份有限公司,920116,shareholder_shares_consistency,PASS,t1|代持还原后-> t2|第一次增资后 股东[吴功友]: shares 一致 (400.0 + 0.0 = 400.0000),t1|代持还原后,t2|第一次增资后,shareholder[吴功友].shares,400.0000,400.0
中科星图测控技术股份有限公司,920116,shareholder_shares_consistency,PASS,t1|代持还原后-> t2|第一次增资后 股东[四方股份]: shares 一致 (1200.0 + 0.0 = 1200.0000),t1|代持还原后,t2|第一次增资后,shareholder[四方股份].shares,1200.0000,1200.0
中科星图测控技术股份有限公司,920116,total_shares_mismatch,FAIL,"t2|第一次增资后-> t3|股权激励后: 上一时点total_shares(3400.0) + 中间认缴合计(510.0) = 3910.0000, 与下一时点total_shares(3400.0) 偏差超过 5.0%",t2|第一次增资后,t3|股权激励后,total_shares,3910.0000,3400.0
中科星图测控技术股份有限公司,920116,shareholder_shares_consistency,PASS,t2|第一次增资后-> t3|股权激励后 股东[牛威]: shares 一致 (400.0 + 0.0 = 400.0000),t2|第一次增资后,t3|股权激励后,shareholder[牛威].shares,400.0000,400.0
中科星图测控技术股份有限公司,920116,shareholder_shares_consistency,PASS,t2|第一次增资后-> t3|股权激励后 股东[吴功友]: shares 一致 (400.0 + 0.0 = 400.0000),t2|第一次增资后,t3|股权激励后,shareholder[吴功友].shares,400.0000,400.0
中科星图测控技术股份有限公司,920116,shareholder_shares_mismatch,FAIL,"t2|第一次增资后-> t3|股权激励后 股东[四方股份]: 上一时点shares(1200.0) + 认购(0.0) = 1200.0000, 与下一时点shares(690.0) 偏差超过 5.0%",t2|第一次增资后,t3|股权激励后,shareholder[四方股份].shares,1200.0000,690.0
中科星图测控技术股份有限公司,920116,shareholder_shares_consistency,PASS,t2|第一次增资后-> t3|股权激励后 股东[星图空间]: shares 一致 (1400.0 + 0.0 = 1400.0000),t2|第一次增资后,t3|股权激励后,shareholder[星图空间].shares,1400.0000,1400.0
中科星图测控技术股份有限公司,920116,total_shares_consistency,PASS,t3|股权激励后-> t4|第二次增资后: total_shares 一致 (3400.0 + 226.67 = 3626.6700),t3|股权激励后,t4|第二次增资后,total_shares,3626.6700,3626.6667
中科星图测控技术股份有限公司,920116,shareholder_shares_consistency,PASS,t3|股权激励后-> t4|第二次增资后 股东[牛威]: shares 一致 (400.0 + 0.0 = 400.0000),t3|股权激励后,t4|第二次增资后,shareholder[牛威].shares,400.0000,400.0
中科星图测控技术股份有限公司,920116,shareholder_shares_consistency,PASS,t3|股权激励后-> t4|第二次增资后 股东[吴功友]: shares 一致 (400.0 + 0.0 = 400.0000),t3|股权激励后,t4|第二次增资后,shareholder[吴功友].shares,400.0000,400.0
中科星图测控技术股份有限公司,920116,shareholder_shares_consistency,PASS,t3|股权激励后-> t4|第二次增资后 股东[策星银河]: shares 一致 (340.0 + 226.67 = 566.6700),t3|股权激励后,t4|第二次增资后,shareholder[策星银河].shares,566.6700,566.6667
中科星图测控技术股份有限公司,920116,shareholder_shares_consistency,PASS,t3|股权激励后-> t4|第二次增资后 股东[四方股份]: shares 一致 (690.0 + 0.0 = 690.0000),t3|股权激励后,t4|第二次增资后,shareholder[四方股份].shares,690.0000,690.0
中科星图测控技术股份有限公司,920116,shareholder_shares_consistency,PASS,t3|股权激励后-> t4|第二次增资后 股东[策星逐月]: shares 一致 (170.0 + 0.0 = 170.0000),t3|股权激励后,t4|第二次增资后,shareholder[策星逐月].shares,170.0000,170.0
中科星图测控技术股份有限公司,920116,shareholder_shares_consistency,PASS,t3|股权激励后-> t4|第二次增资后 股东[星图空间]: shares 一致 (1400.0 + 0.0 = 1400.0000),t3|股权激励后,t4|第二次增资后,shareholder[星图空间].shares,1400.0000,1400.0
